Top_name,number,Gender
Mary,2510913,Female
Michael,2274105,Male
James,1566897,Male
Robert,1213750,Male
Jennifer,811054,Female
John,756249,Male
Linda,465969,Female
Lisa,396100,Female
David,291260,Male
Ashley,287670,Female
Jessica,233289,Female
Jacob,201448,Male
Christopher,192699,Male
Emily,181136,Female
William,111884,Male
Susan,69966,Female
Daniel,69552,Male
Jason,63069,Male
Barbara,62384,Female
Emma,55096,Female
Isabella,51628,
Madison,46619,
Joshua,43008,
Jose,41958,
Patricia,31019,
Matthew,30516,
Deborah,29502,
Sophia,29303,
Debra,29284,
Hannah,27256,
Betty,26240,
Dorothy,19339,
Amanda,18772,
Brittany,17262,
Shirley,14742,
Ethan,14051,
Mason,13979,
Ava,13476,
Joan,12461,
Helen,10487,
Angela,9998,
Olivia,8980,
Tyler,7846,
Samantha,7255,
Jayden,6939,
Michelle,6821,
Austin,6460,
Kimberly,6109,
Alexander,5852,
Donna,5780,
Anthony,4485,
Karen,3664,
Sharon,3580,
Taylor,3464,
Alexis,2873,
Larry,2844,
Joe,2589,
Liam,2143,
Ryan,2109,
Melissa,2108,
Lori,2029,
Angel,1915,
George,1892,
Richard,1589,
Julie,1444,
Carol,1202,
Sarah,1179,
Logan,1018,
Justin,929,
Elijah,806,
Nicholas,788,
Noah,644,
Addison,524,
Mia,505,
Benjamin,441,
Andrew,349,
Kayla,348,
Sandra,307,
Cindy,306,
Carter,257,
Judith,233,
Alyssa,229,
Aiden,198,
Isaiah,177,
Jasmine,173,
Margaret,153,
Nancy,134,
Samuel,114,
Katherine,104,
Wyatt,102,
Megan,93,
Owen,85,
Chloe,65,
Brenda,65,
Ruth,15,
